symbol,strategy,direction,win_rate,signal_date,status,expiration,target_type,atr,entry_price,target_price,stop_price,last_close_price,diff_from_entry,entry_date,exit_date,num_days_open,timeframe,scan_date,donchian_14_d.mean,donchian_14_d.mean_prev,sma_40_d.value,atr_5_d.value,ttm_squeeze_d.momentum,ttm_squeeze_d.momentum_prev,bb_30_20_d.upper,swing_trend_w.color,swing_trend_w.color_prev,atr_5_w.value,cci_14_6_w.cci_short,cci_14_6_w.cci_long,sma_40_w.value,rsqueeze_atr14_w.momentum,rsqueeze_atr14_w.momentum_prev,supertrend_5_023_w.direction,trig_20_8_w.plot1,trig_20_8_w.plot2,trig_20_8_d.plot1,trig_20_8_d.plot2,rsqueeze_4_d.momentum,rsqueeze_20_d.momentum,ichimoku_9_26_52_d.kijun,ichimoku_9_26_52_d.kijun_prev,ichimoku_9_26_52_d.kijun_decrease_count
EWH,Donchian Hook Buy,buy,83%,2026-01-15,Target Hit,03/20/26,ATR5 x 1.0,0.2694,22.62,22.89,n/a,23.15,0.53,2026-01-16,2026-01-26,5,daily,2026-01-15,22.01,21.855,21.9328,0.2694,,,,,,,,,,,,,,,,,,,,,
FXI,ETF Squeeze Sell,sell,89%,2026-01-15,Target Hit,03/20/26,ATR5 x 1.0,0.6102,39.53,38.92,n/a,38.33,1.2,2026-01-16,2026-01-20,1,daily,2026-01-15,,,,0.6102,1.0721,1.0892,40.5487,,,,,,,,,,,,,,,,,,
USO,ETF Squeeze Sell,sell,86%,2026-01-15,Open,03/20/26,ATR5 x 1.0,2.0466,72.3,70.25,n/a,76.22,-3.92,2026-01-16,,open,daily,2026-01-15,,,,2.0466,1.9231,2.2441,73.0376,,,,,,,,,,,,,,,,,,
IYR,Weekly 10.5 Squeeze Buy,buy,91%,2026-01-15,Target Hit,03/20/26,Weekly ATR5 x 0.55,2.0538,96.76,97.89,n/a,100.22,3.46,2026-01-16,2026-01-16,0,weekly,2026-01-15,,,,,,,,,,2.0538,,,95.144,-1.9213,-2.1768,-1.0,,,,,,,,,
USO,Weekly 10.5 Squeeze Buy,buy,56%,2026-01-15,Target Hit,03/20/26,Weekly ATR5 x 0.55,3.3493,72.3,74.14,n/a,76.22,3.92,2026-01-16,2026-01-27,6,weekly,2026-01-15,,,,,,,,,,3.3493,,,71.8605,-3.4564,-3.9905,-1.0,,,,,,,,,
VNQ,Weekly 10.5 Squeeze Buy,buy,96%,2026-01-15,Target Hit,03/20/26,Weekly ATR5 x 0.55,1.8764,91.34,92.37,n/a,94.59,3.25,2026-01-16,2026-01-16,0,weekly,2026-01-15,,,,,,,,,,1.8764,,,89.7595,-1.9335,-2.1795,-1.0,,,,,,,,,
XHB,Weekly 10.5 Squeeze Buy,buy,93%,2026-01-15,Target Hit,03/20/26,Weekly ATR5 x 0.55,5.3675,115.34,118.29,n/a,121.36,6.02,2026-01-16,2026-02-10,16,weekly,2026-01-15,,,,,,,,,,5.3675,,,104.3723,-4.4745,-6.276,-1.0,,,,,,,,,
EWG,Weekly Swing Trend Buy Setup 1,buy,78%,2026-01-15,Target Hit,03/20/26,Weekly ATR5 x 0.55,0.9354,43.33,43.84,n/a,43.97,0.64,2026-01-16,2026-01-26,5,weekly,2026-01-15,,,,,,,,gold,gold,0.9354,,,,,,,,,,,,,,,
USO,Weekly Swing Trend Buy Setup 1,buy,76%,2026-01-15,Target Hit,03/20/26,Weekly ATR5 x 0.55,3.3493,72.3,74.14,n/a,76.22,3.92,2026-01-16,2026-01-27,6,weekly,2026-01-15,,,,,,,,gold,gold,3.3493,,,,,,,,,,,,,,,
XHB,Weekly Swing Trend Buy Setup 1,buy,93%,2026-01-15,Target Hit,03/20/26,Weekly ATR5 x 0.55,5.3675,115.34,118.29,n/a,121.36,6.02,2026-01-16,2026-02-10,16,weekly,2026-01-15,,,,,,,,gold,red,5.3675,,,,,,,,,,,,,,,
XLB,Weekly Swing Trend Buy Setup 1,buy,84%,2026-01-15,Target Hit,03/20/26,Weekly ATR5 x 0.55,1.4444,48.57,49.36,n/a,53.31,4.74,2026-01-16,2026-01-21,2,weekly,2026-01-15,,,,,,,,gold,red,1.4444,,,,,,,,,,,,,,,
XLK,Weekly Swing Trend Buy Setup 1,buy,86%,2026-01-15,Target Hit,03/20/26,Weekly ATR5 x 0.55,4.9685,146.72,149.45,n/a,139.56,-7.16,2026-01-16,2026-01-28,7,weekly,2026-01-15,,,,,,,,gold,gold,4.9685,,,,,,,,,,,,,,,
IBB,Weekly Turbo Hook Buy,buy,84%,2026-01-15,Target Hit,03/20/26,Weekly ATR5 x 0.55,6.9688,171.74,175.57,n/a,172.5,0.76,2026-01-16,2026-01-22,3,weekly,2026-01-15,,,,,,,,,,6.9688,101.486,79.1587,142.6602,,,,,,,,,,,,
IWM,Weekly Turbo Hook Buy,buy,79%,2026-01-15,Target Hit,03/20/26,Weekly ATR5 x 0.55,9.0383,265.87,270.84,n/a,262.96,-2.91,2026-01-16,2026-01-22,3,weekly,2026-01-15,,,,,,,,,,9.0383,140.692,143.8626,227.8868,,,,,,,,,,,,
QQQ,Weekly Turbo Hook Buy,buy,86%,2026-01-15,Target Hit,03/20/26,Weekly ATR5 x 0.55,17.4098,625.5,635.08,n/a,601.92,-23.58,2026-01-16,2026-01-28,7,weekly,2026-01-15,,,,,,,,,,17.4098,83.0581,90.8828,566.6065,,,,,,,,,,,,
XRT,Weekly Turbo Hook Buy,buy,78%,2026-01-15,Open,03/20/26,Weekly ATR5 x 0.55,3.4231,90.75,92.63,n/a,87.84,-2.91,2026-01-16,,open,weekly,2026-01-15,,,,,,,,,,3.4231,135.1631,120.9791,80.6432,,,,,,,,,,,,
DIA,ETF Squeeze Sell,sell,82%,2026-01-16,Open,03/20/26,ATR5 x 1.0,4.5807,486.17,481.59,n/a,495.28,-9.11,2026-01-20,,open,daily,2026-01-16,,,,4.5807,6.1828,6.3148,497.4271,,,,,,,,,,,,,,,,,,
EEM,ETF Squeeze Sell,sell,83%,2026-01-16,Open,03/20/26,ATR5 x 1.0,0.5397,57.34,56.81,n/a,61.12,-3.77,2026-01-20,,open,daily,2026-01-16,,,,0.5397,2.599,2.7128,58.6312,,,,,,,,,,,,,,,,,,
EFA,ETF Squeeze Sell,sell,77%,2026-01-16,Open,03/20/26,ATR5 x 1.0,0.5771,98.0,97.42,n/a,104.24,-6.24,2026-01-20,,open,daily,2026-01-16,,,,0.5771,2.3594,2.3749,99.9233,,,,,,,,,,,,,,,,,,
EWH,ETF Squeeze Sell,sell,88%,2026-01-16,Open,03/20/26,ATR5 x 1.0,0.2945,22.39,22.1,n/a,23.15,-0.76,2026-01-20,,open,daily,2026-01-16,,,,0.2945,0.6812,0.7087,22.7485,,,,,,,,,,,,,,,,,,
VWO,ETF Squeeze Sell,sell,90%,2026-01-16,Open,03/20/26,ATR5 x 1.0,0.4928,55.63,55.14,n/a,57.75,-2.12,2026-01-20,,open,daily,2026-01-16,,,,0.4928,1.6145,1.6245,56.51,,,,,,,,,,,,,,,,,,
XOP,Weekly 10.5 Squeeze Buy,buy,100%,2026-01-16,Target Hit,03/20/26,Weekly ATR5 x 0.55,6.6146,131.59,135.23,n/a,147.89,16.3,2026-01-20,2026-01-21,1,weekly,2026-01-16,,,,,,,,,,6.6146,,,127.2792,-1.9252,-2.4949,-1.0,,,,,,,,,
QQQ,Weekly Swing Trend Buy Setup 1,buy,85%,2026-01-16,Target Hit,03/20/26,Weekly ATR5 x 0.55,17.0159,610.53,619.89,n/a,601.92,-8.61,2026-01-20,2026-01-21,1,weekly,2026-01-16,,,,,,,,gold,red,17.0159,,,,,,,,,,,,,,,
VWO,Weekly Swing Trend Buy Setup 2,buy,89%,2026-01-16,Target Hit,03/20/26,Weekly ATR5 x 0.55,1.1943,55.63,56.29,n/a,57.75,2.12,2026-01-20,2026-01-21,1,weekly,2026-01-16,,,,,,,,,,1.1943,,,51.414,,,,54.9931,54.8925,,,,,,,
XHB,Weekly Swing Trend Buy Setup 2,buy,93%,2026-01-16,Target Hit,03/20/26,Weekly ATR5 x 0.55,5.128,112.35,115.17,n/a,121.36,9.01,2026-01-20,2026-01-21,1,weekly,2026-01-16,,,,,,,,,,5.128,,,104.9545,,,,106.0399,105.7055,,,,,,,
IYR,ETF Squeeze Sell,sell,86%,2026-01-20,Target Hit,03/20/26,ATR5 x 1.0,1.3733,97.08,95.71,n/a,100.22,-3.14,2026-01-21,2026-01-23,2,daily,2026-01-20,,,,1.3733,1.8319,1.8502,96.9721,,,,,,,,,,,,,,,,,,
XLB,ETF Squeeze Sell,sell,86%,2026-01-20,Open,03/20/26,ATR5 x 1.0,0.6174,48.82,48.2,n/a,53.31,-4.49,2026-01-21,,open,daily,2026-01-20,,,,0.6174,1.8587,1.9682,49.4589,,,,,,,,,,,,,,,,,,
XLI,ETF Squeeze Sell,sell,88%,2026-01-20,Open,03/20/26,ATR5 x 1.0,2.1923,164.38,162.19,n/a,174.17,-9.79,2026-01-21,,open,daily,2026-01-20,,,,2.1923,4.952,5.2403,166.0728,,,,,,,,,,,,,,,,,,
XRT,ETF Squeeze Sell,sell,84%,2026-01-20,Target Hit,03/20/26,ATR5 x 1.0,1.6515,89.35,87.7,n/a,87.84,1.51,2026-01-21,2026-01-27,4,daily,2026-01-20,,,,1.6515,1.832,1.8658,91.0188,,,,,,,,,,,,,,,,,,
QQQ,Squeeze Play Sector Sell,sell,87%,2026-01-20,Target Hit,03/20/26,ATR5 x 1.0,9.2515,609.47,600.22,n/a,601.92,7.55,2026-01-21,2026-02-05,11,daily,2026-01-20,,,617.3225,9.2515,,,,,,,,,,,,,,,620.5563,622.8476,-6.4207,1.4991,,,
SPY,Squeeze Play Sector Sell,sell,89%,2026-01-20,Target Hit,03/20/26,ATR5 x 1.0,7.1663,679.65,672.48,n/a,681.75,-2.1,2026-01-21,2026-02-02,8,daily,2026-01-20,,,683.3568,7.1663,,,,,,,,,,,,,,,690.784,691.9791,-5.5967,3.1815,,,
XLK,Squeeze Play Sector Sell,sell,85%,2026-01-20,Target Hit,03/20/26,ATR5 x 1.0,2.6612,142.78,140.12,n/a,139.56,3.22,2026-01-21,2026-02-04,10,daily,2026-01-20,,,144.2929,2.6612,,,,,,,,,,,,,,,145.0029,145.8148,-1.5458,0.1879,,,
EWG,Weekly Swing Trend Buy Setup 1,buy,78%,2026-01-20,Target Hit,03/20/26,Weekly ATR5 x 0.55,0.9033,42.4,42.9,n/a,43.97,1.57,2026-01-21,2026-01-21,0,weekly,2026-01-20,,,,,,,,gold,gold,0.9033,,,,,,,,,,,,,,,
USO,Weekly Swing Trend Buy Setup 1,buy,76%,2026-01-20,Target Hit,03/20/26,Weekly ATR5 x 0.55,3.6174,72.84,74.83,n/a,76.22,3.38,2026-01-21,2026-01-27,4,weekly,2026-01-20,,,,,,,,gold,gold,3.6174,,,,,,,,,,,,,,,
XHB,Weekly Swing Trend Buy Setup 1,buy,93%,2026-01-20,Target Hit,03/20/26,Weekly ATR5 x 0.55,5.128,112.73,115.55,n/a,121.36,8.63,2026-01-21,2026-01-21,0,weekly,2026-01-20,,,,,,,,gold,gold,5.128,,,,,,,,,,,,,,,
XLB,Weekly Swing Trend Buy Setup 1,buy,84%,2026-01-20,Target Hit,03/20/26,Weekly ATR5 x 0.55,1.343,48.82,49.56,n/a,53.31,4.49,2026-01-21,2026-01-22,1,weekly,2026-01-20,,,,,,,,gold,gold,1.343,,,,,,,,,,,,,,,
XLK,Weekly Swing Trend Buy Setup 1,buy,86%,2026-01-20,Target Hit,03/20/26,Weekly ATR5 x 0.55,4.8248,142.78,145.43,n/a,139.56,-3.22,2026-01-21,2026-01-22,1,weekly,2026-01-20,,,,,,,,gold,gold,4.8248,,,,,,,,,,,,,,,
XOP,Donchian Hook Buy,buy,90%,2026-01-21,Target Hit,03/20/26,ATR5 x 1.0,3.7475,134.47,138.22,n/a,147.89,13.42,2026-01-22,2026-01-23,1,daily,2026-01-21,129.66,128.48,129.877,3.7475,,,,,,,,,,,,,,,,,,,,,
IBB,Donchian T-Lines Buy,buy,87%,2026-01-21,Open,03/20/26,ATR5 x 1.0,3.7222,175.39,179.11,n/a,172.5,-2.89,2026-01-22,,open,daily,2026-01-21,172.365,,170.7112,3.7222,,,,,,,,,,,,,,,171.8584,171.7414,,,,,
XLV,Donchian T-Lines Buy,buy,84%,2026-01-21,Open,03/20/26,ATR5 x 1.0,2.2864,157.65,159.94,n/a,157.67,0.02,2026-01-22,,open,daily,2026-01-21,156.78,,155.527,2.2864,,,,,,,,,,,,,,,157.5543,157.5119,,,,,
TLT,Donchian T-Lines Sell,sell,73%,2026-01-21,Target Hit,03/20/26,ATR5 x 1.0,0.7199,87.27,86.55,n/a,89.72,-2.45,2026-01-22,2026-02-02,7,daily,2026-01-21,87.6003,,88.1245,0.7199,,,,,,,,,,,,,,,87.6176,87.647,,,,,
UNG,Ichimoku Kijun 5 Hook Buy,buy,79%,2026-01-21,Target Hit,03/20/26,ATR5 x 1.0,1.0352,14.22,15.26,n/a,12.44,-1.78,2026-01-22,2026-01-30,6,daily,2026-01-21,,,,1.0352,,,,,,,,,,,,,,,,,,,11.845,11.8125,12.0
XOP,Ichimoku Kijun 5 Hook Buy,buy,84%,2026-01-21,Target Hit,03/20/26,ATR5 x 1.0,3.7475,134.47,138.22,n/a,147.89,13.42,2026-01-22,2026-01-23,1,daily,2026-01-21,,,,3.7475,,,,,,,,,,,,,,,,,,,129.66,128.695,6.0
XOP,Weekly 10.5 Squeeze Buy,buy,100%,2026-01-21,Target Hit,03/20/26,Weekly ATR5 x 0.55,6.6146,134.47,138.11,n/a,147.89,13.42,2026-01-22,2026-01-23,1,weekly,2026-01-21,,,,,,,,,,6.6146,,,127.2792,-1.9252,-2.4949,-1.0,,,,,,,,,
QQQ,Weekly Swing Trend Buy Setup 1,buy,85%,2026-01-21,Target Hit,03/20/26,Weekly ATR5 x 0.55,17.0159,622.35,631.71,n/a,601.92,-20.43,2026-01-22,2026-01-27,3,weekly,2026-01-21,,,,,,,,gold,red,17.0159,,,,,,,,,,,,,,,
VWO,Weekly Swing Trend Buy Setup 2,buy,89%,2026-01-21,Target Hit,03/20/26,Weekly ATR5 x 0.55,1.1943,56.52,57.18,n/a,57.75,1.23,2026-01-22,2026-01-27,3,weekly,2026-01-21,,,,,,,,,,1.1943,,,51.414,,,,54.9931,54.8925,,,,,,,
XHB,Weekly Swing Trend Buy Setup 2,buy,93%,2026-01-21,Target Hit,03/20/26,Weekly ATR5 x 0.55,5.128,115.3,118.12,n/a,121.36,6.06,2026-01-22,2026-02-06,11,weekly,2026-01-21,,,,,,,,,,5.128,,,104.9545,,,,106.0399,105.7055,,,,,,,
USO,ETF Squeeze Sell,sell,86%,2026-01-22,Open,03/20/26,ATR5 x 1.0,1.8394,73.76,71.92,n/a,76.22,-2.46,2026-01-23,,open,daily,2026-01-22,,,,1.8394,1.6753,1.7384,73.4941,,,,,,,,,,,,,,,,,,
VNQ,ETF Squeeze Sell,sell,88%,2026-01-22,Open,03/20/26,ATR5 x 1.0,1.2585,90.22,88.96,n/a,94.59,-4.37,2026-01-23,,open,daily,2026-01-22,,,,1.2585,1.5425,1.7187,91.5851,,,,,,,,,,,,,,,,,,
EWG,Weekly Swing Trend Buy Setup 1,buy,78%,2026-01-22,Target Hit,03/20/26,Weekly ATR5 x 0.55,0.9033,43.09,43.59,n/a,43.97,0.88,2026-01-23,2026-01-26,1,weekly,2026-01-22,,,,,,,,gold,gold,0.9033,,,,,,,,,,,,,,,
USO,Weekly Swing Trend Buy Setup 1,buy,76%,2026-01-22,Target Hit,03/20/26,Weekly ATR5 x 0.55,3.6174,73.76,75.75,n/a,76.22,2.46,2026-01-23,2026-01-28,3,weekly,2026-01-22,,,,,,,,gold,gold,3.6174,,,,,,,,,,,,,,,
XHB,Weekly Swing Trend Buy Setup 1,buy,93%,2026-01-22,Target Hit,03/20/26,Weekly ATR5 x 0.55,5.128,113.2,116.02,n/a,121.36,8.16,2026-01-23,2026-02-04,8,weekly,2026-01-22,,,,,,,,gold,gold,5.128,,,,,,,,,,,,,,,
XLB,Weekly Swing Trend Buy Setup 1,buy,84%,2026-01-22,Target Hit,03/20/26,Weekly ATR5 x 0.55,1.343,49.46,50.2,n/a,53.31,3.85,2026-01-23,2026-01-26,1,weekly,2026-01-22,,,,,,,,gold,gold,1.343,,,,,,,,,,,,,,,
XLK,Weekly Swing Trend Buy Setup 1,buy,86%,2026-01-22,Target Hit,03/20/26,Weekly ATR5 x 0.55,4.8248,144.53,147.18,n/a,139.56,-4.97,2026-01-23,2026-01-27,2,weekly,2026-01-22,,,,,,,,gold,gold,4.8248,,,,,,,,,,,,,,,
XOP,Donchian Crossover Buy,buy,82%,2026-01-23,Target Hit,03/20/26,ATR5 x 1.0,3.42,136.34,139.77,n/a,147.89,11.54,2026-01-26,2026-01-29,3,daily,2026-01-23,130.715,,130.1065,3.42,,,135.4424,,,,,,,,,,,,,,,,,,
XOP,Donchian Hook Buy,buy,90%,2026-01-23,Target Hit,03/20/26,ATR5 x 1.0,3.42,136.34,139.77,n/a,147.89,11.54,2026-01-26,2026-01-29,3,daily,2026-01-23,130.715,129.66,130.1065,3.42,,,,,,,,,,,,,,,,,,,,,
XHB,ETF Squeeze Sell,sell,86%,2026-01-23,Target Hit,03/20/26,ATR5 x 1.0,2.8895,112.01,109.12,n/a,121.36,-9.35,2026-01-26,2026-01-29,3,daily,2026-01-23,,,,2.8895,5.8499,6.2419,116.6951,,,,,,,,,,,,,,,,,,
XLI,ETF Squeeze Sell,sell,88%,2026-01-23,Open,03/20/26,ATR5 x 1.0,2.2801,164.22,161.94,n/a,174.17,-9.95,2026-01-26,,open,daily,2026-01-23,,,,2.2801,5.1141,5.3207,167.5971,,,,,,,,,,,,,,,,,,
XRT,ETF Squeeze Sell,sell,84%,2026-01-23,Target Hit,03/20/26,ATR5 x 1.0,1.7712,88.89,87.12,n/a,87.84,1.05,2026-01-26,2026-01-28,2,daily,2026-01-23,,,,1.7712,1.9565,2.155,91.3293,,,,,,,,,,,,,,,,,,
UNG,Weekly 10.5 Squeeze Buy,buy,76%,2026-01-23,Target Hit,03/20/26,Weekly ATR5 x 0.55,2.1254,14.26,15.43,n/a,12.44,-1.82,2026-01-26,2026-01-30,4,weekly,2026-01-23,,,,,,,,,,2.1254,,,14.1735,-0.6496,-0.9192,-1.0,,,,,,,,,
FXI,Weekly Swing Trend Buy Setup 1,buy,68%,2026-01-23,Target Hit,03/20/26,Weekly ATR5 x 0.55,1.2707,39.32,40.02,n/a,38.33,-0.99,2026-01-26,2026-01-28,2,weekly,2026-01-23,,,,,,,,gold,red,1.2707,,,,,,,,,,,,,,,
QQQ,Weekly Swing Trend Buy Setup 1,buy,85%,2026-01-23,Target Hit,03/20/26,Weekly ATR5 x 0.55,17.2827,623.21,632.72,n/a,601.92,-21.29,2026-01-26,2026-01-28,2,weekly,2026-01-23,,,,,,,,gold,gold,17.2827,,,,,,,,,,,,,,,
IYR,Weekly Swing Trend Buy Setup 2,buy,89%,2026-01-23,Target Hit,03/20/26,Weekly ATR5 x 0.55,2.617,96.29,97.73,n/a,100.22,3.93,2026-01-26,2026-02-06,9,weekly,2026-01-23,,,,,,,,,,2.617,,,95.4895,,,,94.9229,94.9066,,,,,,,
USO,Weekly Swing Trend Buy Setup 2,buy,76%,2026-01-23,Target Hit,03/20/26,Weekly ATR5 x 0.55,3.4499,73.36,75.26,n/a,76.22,2.86,2026-01-26,2026-01-27,1,weekly,2026-01-23,,,,,,,,,,3.4499,,,72.102,,,,69.8203,69.5531,,,,,,,
XOP,Weekly Swing Trend Buy Setup 2,buy,83%,2026-01-23,Target Hit,03/20/26,Weekly ATR5 x 0.55,7.1247,136.34,140.26,n/a,147.89,11.54,2026-01-26,2026-01-29,3,weekly,2026-01-23,,,,,,,,,,7.1247,,,127.8615,,,,130.1341,129.9926,,,,,,,
UNG,Donchian Hook Buy,buy,74%,2026-01-26,Target Hit,03/20/26,ATR5 x 1.0,1.0198,14.42,15.44,n/a,12.44,-1.98,2026-01-27,2026-01-30,3,daily,2026-01-26,12.57,12.16,12.893,1.0198,,,,,,,,,,,,,,,,,,,,,
EWG,Donchian T-Lines Buy,buy,89%,2026-01-26,Target Hit,03/20/26,ATR5 x 1.0,0.461,44.03,44.49,n/a,43.97,-0.06,2026-01-27,2026-02-12,12,daily,2026-01-26,43.0578,,42.383,0.461,,,,,,,,,,,,,,,43.5049,43.4461,,,,,
QQQ,Donchian T-Lines Buy,buy,92%,2026-01-26,Open,03/20/26,ATR5 x 1.0,8.0442,628.91,636.95,n/a,601.92,-26.99,2026-01-27,,open,daily,2026-01-26,618.525,,619.7082,8.0442,,,,,,,,,,,,,,,621.134,621.1273,,,,,
IWM,ETF Squeeze Sell,sell,87%,2026-01-26,Target Hit,03/20/26,ATR5 x 1.0,4.0402,264.05,260.01,n/a,262.96,1.09,2026-01-27,2026-01-29,2,daily,2026-01-26,,,,4.0402,10.1996,10.4664,270.0979,,,,,,,,,,,,,,,,,,
XME,ETF Squeeze Sell,sell,86%,2026-01-26,Target Hit,03/20/26,ATR5 x 1.0,4.6727,125.61,120.94,n/a,117.83,7.78,2026-01-27,2026-01-30,3,daily,2026-01-26,,,,4.6727,12.9399,13.3907,132.8635,,,,,,,,,,,,,,,,,,
USO,Weekly Swing Trend Buy Setup 1,buy,76%,2026-01-26,Target Hit,03/20/26,Weekly ATR5 x 0.55,3.4499,73.95,75.85,n/a,76.22,2.27,2026-01-27,2026-01-28,1,weekly,2026-01-26,,,,,,,,gold,gold,3.4499,,,,,,,,,,,,,,,
XHB,Weekly Swing Trend Buy Setup 1,buy,93%,2026-01-26,Target Hit,03/20/26,Weekly ATR5 x 0.55,5.1444,111.27,114.1,n/a,121.36,10.09,2026-01-27,2026-02-03,5,weekly,2026-01-26,,,,,,,,gold,gold,5.1444,,,,,,,,,,,,,,,
XLB,Weekly Swing Trend Buy Setup 1,buy,84%,2026-01-26,Target Hit,03/20/26,Weekly ATR5 x 0.55,1.4684,49.87,50.67,n/a,53.31,3.45,2026-01-27,2026-02-03,5,weekly,2026-01-26,,,,,,,,gold,gold,1.4684,,,,,,,,,,,,,,,
XLK,Weekly Swing Trend Buy Setup 1,buy,86%,2026-01-26,Open,03/20/26,Weekly ATR5 x 0.55,4.7028,147.42,150.01,n/a,139.56,-7.86,2026-01-27,,open,weekly,2026-01-26,,,,,,,,gold,gold,4.7028,,,,,,,,,,,,,,,
QQQ,Donchian Hook Buy,buy,94%,2026-01-27,Open,03/20/26,ATR5 x 1.0,7.7519,635.46,643.21,n/a,601.92,-33.54,2026-01-28,,open,daily,2026-01-27,619.5464,618.525,620.1297,7.7519,,,,,,,,,,,,,,,,,,,,,
XLK,Donchian Hook Buy,buy,87%,2026-01-27,Open,03/20/26,ATR5 x 1.0,2.3925,149.0,151.39,n/a,139.56,-9.44,2026-01-28,,open,daily,2026-01-27,145.115,144.59,145.1244,2.3925,,,,,,,,,,,,,,,,,,,,,
SPY,Donchian T-Lines Buy,buy,90%,2026-01-27,Open,03/20/26,ATR5 x 1.0,5.8787,697.05,702.93,n/a,681.75,-15.3,2026-01-28,,open,daily,2026-01-27,686.55,,686.2778,5.8787,,,,,,,,,,,,,,,691.3311,690.6076,,,,,
XLK,Donchian T-Lines Buy,buy,91%,2026-01-27,Open,03/20/26,ATR5 x 1.0,2.3925,149.0,151.39,n/a,139.56,-9.44,2026-01-28,,open,daily,2026-01-27,145.115,,145.1244,2.3925,,,,,,,,,,,,,,,145.47,145.1702,,,,,
XLV,Donchian T-Lines Sell,sell,85%,2026-01-27,Open,03/20/26,ATR5 x 1.0,2.1549,154.3,152.15,n/a,157.67,-3.37,2026-01-28,,open,daily,2026-01-27,156.91,,155.5835,2.1549,,,,,,,,,,,,,,,157.5241,157.6353,,,,,
UNG,Weekly 10.5 Squeeze Buy,buy,76%,2026-01-27,Target Hit,03/20/26,Weekly ATR5 x 0.55,2.1254,14.46,15.63,n/a,12.44,-2.02,2026-01-28,2026-01-30,2,weekly,2026-01-27,,,,,,,,,,2.1254,,,14.1735,-0.6496,-0.9192,-1.0,,,,,,,,,
FXI,Weekly Swing Trend Buy Setup 1,buy,68%,2026-01-27,Open,03/20/26,Weekly ATR5 x 0.55,1.2707,40.62,41.32,n/a,38.33,-2.29,2026-01-28,,open,weekly,2026-01-27,,,,,,,,gold,red,1.2707,,,,,,,,,,,,,,,
QQQ,Weekly Swing Trend Buy Setup 1,buy,85%,2026-01-27,Open,03/20/26,Weekly ATR5 x 0.55,17.2827,635.46,644.97,n/a,601.92,-33.54,2026-01-28,,open,weekly,2026-01-27,,,,,,,,gold,gold,17.2827,,,,,,,,,,,,,,,
IYR,Weekly Swing Trend Buy Setup 2,buy,89%,2026-01-27,Target Hit,03/20/26,Weekly ATR5 x 0.55,2.617,95.97,97.41,n/a,100.22,4.25,2026-01-28,2026-02-06,7,weekly,2026-01-27,,,,,,,,,,2.617,,,95.4895,,,,94.9229,94.9066,,,,,,,
USO,Weekly Swing Trend Buy Setup 2,buy,76%,2026-01-27,Target Hit,03/20/26,Weekly ATR5 x 0.55,3.4499,76.26,78.16,n/a,76.22,-0.04,2026-01-28,2026-01-29,1,weekly,2026-01-27,,,,,,,,,,3.4499,,,72.102,,,,69.8203,69.5531,,,,,,,
XOP,Weekly Swing Trend Buy Setup 2,buy,83%,2026-01-27,Target Hit,03/20/26,Weekly ATR5 x 0.55,7.1247,136.38,140.3,n/a,147.89,11.5,2026-01-28,2026-01-29,1,weekly,2026-01-27,,,,,,,,,,7.1247,,,127.8615,,,,130.1341,129.9926,,,,,,,
FXI,Donchian T-Lines Buy,buy,83%,2026-01-28,Open,03/20/26,ATR5 x 1.0,0.5415,41.0,41.54,n/a,38.33,-2.67,2026-01-29,,open,daily,2026-01-28,39.75,,39.239,0.5415,,,,,,,,,,,,,,,39.8851,39.8452,,,,,
EFA,ETF Squeeze Sell,sell,77%,2026-01-28,Target Hit,03/20/26,ATR5 x 1.0,1.1659,102.02,100.85,n/a,104.24,-2.22,2026-01-29,2026-01-29,0,daily,2026-01-28,,,,1.1659,2.1838,2.2355,101.7474,,,,,,,,,,,,,,,,,,
XLB,ETF Squeeze Sell,sell,86%,2026-01-28,Target Hit,03/20/26,ATR5 x 1.0,0.6309,50.45,49.82,n/a,53.31,-2.86,2026-01-29,2026-01-29,0,daily,2026-01-28,,,,0.6309,2.1446,2.1827,50.8675,,,,,,,,,,,,,,,,,,
USO,Weekly Swing Trend Buy Setup 1,buy,76%,2026-01-28,Open,03/20/26,Weekly ATR5 x 0.55,3.4499,80.11,82.01,n/a,76.22,-3.89,2026-01-29,,open,weekly,2026-01-28,,,,,,,,gold,gold,3.4499,,,,,,,,,,,,,,,
XHB,Weekly Swing Trend Buy Setup 1,buy,93%,2026-01-28,Target Hit,03/20/26,Weekly ATR5 x 0.55,5.1444,110.19,113.02,n/a,121.36,11.17,2026-01-29,2026-02-03,3,weekly,2026-01-28,,,,,,,,gold,gold,5.1444,,,,,,,,,,,,,,,
XLB,Weekly Swing Trend Buy Setup 1,buy,84%,2026-01-28,Target Hit,03/20/26,Weekly ATR5 x 0.55,1.4684,50.45,51.26,n/a,53.31,2.86,2026-01-29,2026-02-04,4,weekly,2026-01-28,,,,,,,,gold,gold,1.4684,,,,,,,,,,,,,,,
XLK,Weekly Swing Trend Buy Setup 1,buy,86%,2026-01-28,Open,03/20/26,Weekly ATR5 x 0.55,4.7028,147.84,150.43,n/a,139.56,-8.28,2026-01-29,,open,weekly,2026-01-28,,,,,,,,gold,gold,4.7028,,,,,,,,,,,,,,,
EWG,ETF Squeeze Sell,sell,78%,2026-01-29,Target Hit,03/20/26,ATR5 x 1.0,0.6003,43.38,42.78,n/a,43.97,-0.59,2026-01-30,2026-02-05,4,daily,2026-01-29,,,,0.6003,0.3915,0.4571,44.2829,,,,,,,,,,,,,,,,,,
GDX,ETF Squeeze Sell,sell,80%,2026-01-29,Target Hit,03/20/26,ATR5 x 1.0,5.0921,98.91,93.82,n/a,103.94,-5.03,2026-01-30,2026-01-30,0,daily,2026-01-29,,,,5.0921,12.1876,12.3053,111.363,,,,,,,,,,,,,,,,,,
IBB,ETF Squeeze Sell,sell,82%,2026-01-29,Target Hit,03/20/26,ATR5 x 1.0,3.0832,173.24,170.16,n/a,172.5,0.74,2026-01-30,2026-02-05,4,daily,2026-01-29,,,,3.0832,2.8037,2.9343,177.8336,,,,,,,,,,,,,,,,,,
VWO,ETF Squeeze Sell,sell,90%,2026-01-29,Target Hit,03/20/26,ATR5 x 1.0,0.6742,56.95,56.28,n/a,57.75,-0.8,2026-01-30,2026-01-30,0,daily,2026-01-29,,,,0.6742,1.6649,1.6939,58.1464,,,,,,,,,,,,,,,,,,
DIA,Squeeze Play Sector Sell,sell,90%,2026-01-29,Open,03/20/26,ATR5 x 1.0,5.1654,489.11,483.94,n/a,495.28,-6.17,2026-01-30,,open,daily,2026-01-29,,,486.4912,5.1654,,,,,,,,,,,,,,,492.5847,493.3683,-1.3605,2.6456,,,
UNG,Weekly 10.5 Squeeze Buy,buy,76%,2026-01-29,Target Hit,03/20/26,Weekly ATR5 x 0.55,2.1254,15.84,17.01,n/a,12.44,-3.4,2026-01-30,2026-01-30,0,weekly,2026-01-29,,,,,,,,,,2.1254,,,14.1735,-0.6496,-0.9192,-1.0,,,,,,,,,
FXI,Weekly Swing Trend Buy Setup 1,buy,68%,2026-01-29,Open,03/20/26,Weekly ATR5 x 0.55,1.2707,40.07,40.77,n/a,38.33,-1.74,2026-01-30,,open,weekly,2026-01-29,,,,,,,,gold,red,1.2707,,,,,,,,,,,,,,,
QQQ,Weekly Swing Trend Buy Setup 1,buy,85%,2026-01-29,Open,03/20/26,Weekly ATR5 x 0.55,17.2827,625.71,635.22,n/a,601.92,-23.79,2026-01-30,,open,weekly,2026-01-29,,,,,,,,gold,gold,17.2827,,,,,,,,,,,,,,,
IYR,Weekly Swing Trend Buy Setup 2,buy,89%,2026-01-29,Target Hit,03/20/26,Weekly ATR5 x 0.55,2.617,96.02,97.46,n/a,100.22,4.2,2026-01-30,2026-02-06,5,weekly,2026-01-29,,,,,,,,,,2.617,,,95.4895,,,,94.9229,94.9066,,,,,,,
USO,Weekly Swing Trend Buy Setup 2,buy,76%,2026-01-29,Open,03/20/26,Weekly ATR5 x 0.55,3.4499,79.44,81.34,n/a,76.22,-3.22,2026-01-30,,open,weekly,2026-01-29,,,,,,,,,,3.4499,,,72.102,,,,69.8203,69.5531,,,,,,,
XOP,Weekly Swing Trend Buy Setup 2,buy,83%,2026-01-29,Target Hit,03/20/26,Weekly ATR5 x 0.55,7.1247,138.7,142.62,n/a,147.89,9.19,2026-01-30,2026-02-04,3,weekly,2026-01-29,,,,,,,,,,7.1247,,,127.8615,,,,130.1341,129.9926,,,,,,,
UNG,Donchian Hook Buy,buy,74%,2026-01-30,Open,03/20/26,ATR5 x 1.0,1.1341,13.76,14.89,n/a,12.44,-1.32,2026-02-02,,open,daily,2026-01-30,13.4875,12.585,12.944,1.1341,,,,,,,,,,,,,,,,,,,,,
TLT,Donchian T-Lines Sell,sell,73%,2026-01-30,Open,03/20/26,ATR5 x 1.0,0.6015,87.02,86.42,n/a,89.72,-2.7,2026-02-02,,open,daily,2026-01-30,87.6003,,87.773,0.6015,,,,,,,,,,,,,,,87.7324,87.7655,,,,,
EFA,ETF Squeeze Sell,sell,77%,2026-01-30,Open,03/20/26,ATR5 x 1.0,1.2574,100.88,99.62,n/a,104.24,-3.36,2026-02-02,,open,daily,2026-01-30,,,,1.2574,1.986,2.2274,102.2816,,,,,,,,,,,,,,,,,,
EWH,ETF Squeeze Sell,sell,88%,2026-01-30,Open,03/20/26,ATR5 x 1.0,0.3664,23.17,22.8,n/a,23.15,0.02,2026-02-02,,open,daily,2026-01-30,,,,0.3664,0.8447,0.9154,23.6121,,,,,,,,,,,,,,,,,,
FXI,ETF Squeeze Sell,sell,89%,2026-01-30,Target Hit,03/20/26,ATR5 x 1.0,0.7867,39.15,38.36,n/a,38.33,0.82,2026-02-02,2026-02-04,2,daily,2026-01-30,,,,0.7867,0.1597,0.3829,40.8565,,,,,,,,,,,,,,,,,,
GLD,ETF Squeeze Sell,sell,83%,2026-01-30,Open,03/20/26,ATR5 x 1.0,27.1676,434.01,406.84,n/a,462.62,-28.61,2026-02-02,,open,daily,2026-01-30,,,,27.1676,36.5972,43.2578,482.6302,,,,,,,,,,,,,,,,,,
QQQ,ETF Squeeze Sell,sell,85%,2026-01-30,Target Hit,03/20/26,ATR5 x 1.0,9.1596,618.7,609.54,n/a,601.92,16.78,2026-02-02,2026-02-04,2,daily,2026-01-30,,,,9.1596,4.2971,5.6937,634.4429,,,,,,,,,,,,,,,,,,
SLV,ETF Squeeze Sell,sell,86%,2026-01-30,Open,03/20/26,ATR5 x 1.0,13.5456,73.8,60.25,n/a,69.72,4.08,2026-02-02,,open,daily,2026-01-30,,,,13.5456,13.765,18.6377,103.9605,,,,,,,,,,,,,,,,,,
XLK,ETF Squeeze Sell,sell,80%,2026-01-30,Target Hit,03/20/26,ATR5 x 1.0,3.1914,143.53,140.34,n/a,139.56,3.97,2026-02-02,2026-02-03,1,daily,2026-01-30,,,,3.1914,0.6648,1.2955,149.0516,,,,,,,,,,,,,,,,,,
FXI,Weekly 10.5 Squeeze Buy,buy,87%,2026-01-30,Open,03/20/26,Weekly ATR5 x 0.55,1.3966,39.15,39.91,n/a,38.33,-0.82,2026-02-02,,open,weekly,2026-01-30,,,,,,,,,,1.3966,,,38.3822,-0.6886,-0.7758,-1.0,,,,,,,,,
UNG,Weekly Swing Trend Buy Setup 1,buy,81%,2026-01-30,Open,03/20/26,Weekly ATR5 x 0.55,2.3113,13.76,15.03,n/a,12.44,-1.32,2026-02-02,,open,weekly,2026-01-30,,,,,,,,gold,red,2.3113,,,,,,,,,,,,,,,
XLB,Weekly Swing Trend Buy Setup 1,buy,84%,2026-01-30,Target Hit,03/20/26,Weekly ATR5 x 0.55,1.5367,49.25,50.1,n/a,53.31,4.06,2026-02-02,2026-02-03,1,weekly,2026-01-30,,,,,,,,gold,gold,1.5367,,,,,,,,,,,,,,,
VNQ,Weekly Swing Trend Buy Setup 2,buy,90%,2026-01-30,Target Hit,03/20/26,Weekly ATR5 x 0.55,2.2756,90.9,92.15,n/a,94.59,3.69,2026-02-02,2026-02-06,4,weekly,2026-01-30,,,,,,,,,,2.2756,,,90.1715,,,,89.8261,89.5813,,,,,,,
QQQ,Weekly Turbo Hook Buy,buy,86%,2026-01-30,Target Hit,03/20/26,Weekly ATR5 x 0.55,17.4921,618.7,628.32,n/a,601.92,-16.78,2026-02-02,2026-02-02,0,weekly,2026-01-30,,,,,,,,,,17.4921,99.5411,87.2123,578.9763,,,,,,,,,,,,
SPY,Weekly Turbo Hook Buy,buy,92%,2026-01-30,Target Hit,03/20/26,Weekly ATR5 x 0.55,13.3385,689.58,696.92,n/a,681.75,-7.83,2026-02-02,2026-02-02,0,weekly,2026-01-30,,,,,,,,,,13.3385,65.9938,97.4306,646.3835,,,,,,,,,,,,
XLK,Weekly Turbo Hook Buy,buy,89%,2026-01-30,Open,03/20/26,Weekly ATR5 x 0.55,5.1443,143.53,146.36,n/a,139.56,-3.97,2026-02-02,,open,weekly,2026-01-30,,,,,,,,,,5.1443,38.7612,35.8981,134.093,,,,,,,,,,,,
UNG,ETF Squeeze Sell,sell,94%,2026-02-02,Open,04/17/26,ATR5 x 1.0,1.8352,12.7,10.86,n/a,12.44,0.26,2026-02-03,,open,daily,2026-02-02,,,,1.8352,2.3846,2.7014,15.7245,,,,,,,,,,,,,,,,,,
USO,ETF Squeeze Sell,sell,86%,2026-02-02,Open,04/17/26,ATR5 x 1.0,2.7265,75.85,73.12,n/a,76.22,-0.37,2026-02-03,,open,daily,2026-02-02,,,,2.7265,4.0485,4.3725,77.9978,,,,,,,,,,,,,,,,,,
XLE,ETF Squeeze Sell,sell,81%,2026-02-02,Open,04/17/26,ATR5 x 1.0,1.0801,50.24,49.16,n/a,54.35,-4.11,2026-02-03,,open,daily,2026-02-02,,,,1.0801,2.6377,2.7336,51.351,,,,,,,,,,,,,,,,,,
XOP,ETF Squeeze Sell,sell,83%,2026-02-02,Open,04/17/26,ATR5 x 1.0,3.762,135.61,131.85,n/a,147.89,-12.28,2026-02-03,,open,daily,2026-02-02,,,,3.762,6.8895,7.0736,139.3474,,,,,,,,,,,,,,,,,,
FXI,Weekly Swing Trend Buy Setup 1,buy,68%,2026-02-02,Target Hit,04/17/26,Weekly ATR5 x 0.55,1.3966,38.72,39.48,n/a,38.33,-0.39,2026-02-03,2026-02-10,5,weekly,2026-02-02,,,,,,,,gold,gold,1.3966,,,,,,,,,,,,,,,
QQQ,Weekly Swing Trend Buy Setup 1,buy,85%,2026-02-02,Open,04/17/26,Weekly ATR5 x 0.55,17.4921,628.3,637.92,n/a,601.92,-26.38,2026-02-03,,open,weekly,2026-02-02,,,,,,,,gold,gold,17.4921,,,,,,,,,,,,,,,
DIA,Squeeze Play Sector Sell,sell,90%,2026-02-03,Open,04/17/26,ATR5 x 1.0,6.3028,493.92,487.62,n/a,495.28,-1.36,2026-02-04,,open,daily,2026-02-03,,,487.532,6.3028,,,,,,,,,,,,,,,490.81,492.0877,2.1436,0.7771,,,
FXI,Weekly 10.5 Squeeze Buy,buy,87%,2026-02-03,Target Hit,04/17/26,Weekly ATR5 x 0.55,1.3966,38.72,39.49,n/a,38.33,-0.39,2026-02-04,2026-02-10,4,weekly,2026-02-03,,,,,,,,,,1.3966,,,38.3822,-0.6886,-0.7758,-1.0,,,,,,,,,
UNG,Weekly Swing Trend Buy Setup 1,buy,81%,2026-02-03,Open,04/17/26,Weekly ATR5 x 0.55,2.3113,13.59,14.86,n/a,12.44,-1.15,2026-02-04,,open,weekly,2026-02-03,,,,,,,,gold,red,2.3113,,,,,,,,,,,,,,,
XLB,Weekly Swing Trend Buy Setup 1,buy,84%,2026-02-03,Target Hit,04/17/26,Weekly ATR5 x 0.55,1.5367,51.01,51.86,n/a,53.31,2.3,2026-02-04,2026-02-04,0,weekly,2026-02-03,,,,,,,,gold,gold,1.5367,,,,,,,,,,,,,,,
VNQ,Weekly Swing Trend Buy Setup 2,buy,90%,2026-02-03,Target Hit,04/17/26,Weekly ATR5 x 0.55,2.2756,90.24,91.49,n/a,94.59,4.35,2026-02-04,2026-02-06,2,weekly,2026-02-03,,,,,,,,,,2.2756,,,90.1715,,,,89.8261,89.5813,,,,,,,
QQQ,Weekly Turbo Hook Buy,buy,86%,2026-02-03,Open,04/17/26,Weekly ATR5 x 0.55,17.4921,615.02,624.64,n/a,601.92,-13.1,2026-02-04,,open,weekly,2026-02-03,,,,,,,,,,17.4921,99.5411,87.2123,578.9763,,,,,,,,,,,,
SPY,Weekly Turbo Hook Buy,buy,92%,2026-02-03,Open,04/17/26,Weekly ATR5 x 0.55,13.3385,690.35,697.69,n/a,681.75,-8.6,2026-02-04,,open,weekly,2026-02-03,,,,,,,,,,13.3385,65.9938,97.4306,646.3835,,,,,,,,,,,,
XLK,Weekly Turbo Hook Buy,buy,89%,2026-02-03,Target Hit,04/17/26,Weekly ATR5 x 0.55,5.1443,140.83,143.66,n/a,139.56,-1.27,2026-02-04,2026-02-09,3,weekly,2026-02-03,,,,,,,,,,5.1443,38.7612,35.8981,134.093,,,,,,,,,,,,
FXI,Weekly Swing Trend Buy Setup 1,buy,68%,2026-02-04,Target Hit,04/17/26,Weekly ATR5 x 0.55,1.3966,38.59,39.36,n/a,38.33,-0.27,2026-02-05,2026-02-09,2,weekly,2026-02-04,,,,,,,,gold,gold,1.3966,,,,,,,,,,,,,,,
QQQ,Weekly Swing Trend Buy Setup 1,buy,85%,2026-02-04,Target Hit,04/17/26,Weekly ATR5 x 0.55,17.4921,600.21,609.83,n/a,601.92,1.71,2026-02-05,2026-02-06,1,weekly,2026-02-04,,,,,,,,gold,gold,17.4921,,,,,,,,,,,,,,,
USO,ETF Squeeze Sell,sell,86%,2026-02-05,Open,04/17/26,ATR5 x 1.0,2.5982,76.24,73.64,n/a,76.22,0.02,2026-02-06,,open,daily,2026-02-05,,,,2.5982,3.7925,4.1899,79.2738,,,,,,,,,,,,,,,,,,
XLB,ETF Squeeze Sell,sell,86%,2026-02-05,Open,04/17/26,ATR5 x 1.0,1.131,50.86,49.73,n/a,53.31,-2.45,2026-02-06,,open,daily,2026-02-05,,,,1.131,1.6665,1.8337,51.9368,,,,,,,,,,,,,,,,,,
XLE,ETF Squeeze Sell,sell,81%,2026-02-05,Open,04/17/26,ATR5 x 1.0,1.2637,52.5,51.24,n/a,54.35,-1.85,2026-02-06,,open,daily,2026-02-05,,,,1.2637,3.1107,3.1274,52.7756,,,,,,,,,,,,,,,,,,
XLI,ETF Squeeze Sell,sell,88%,2026-02-05,Open,04/17/26,ATR5 x 1.0,2.382,169.89,167.51,n/a,174.17,-4.28,2026-02-06,,open,daily,2026-02-05,,,,2.382,3.5801,3.953,171.0594,,,,,,,,,,,,,,,,,,
XOP,ETF Squeeze Sell,sell,83%,2026-02-05,Open,04/17/26,ATR5 x 1.0,4.1947,142.42,138.23,n/a,147.89,-5.47,2026-02-06,,open,daily,2026-02-05,,,,4.1947,7.6736,7.8474,142.7849,,,,,,,,,,,,,,,,,,
FXI,Weekly 10.5 Squeeze Buy,buy,87%,2026-02-05,Target Hit,04/17/26,Weekly ATR5 x 0.55,1.3966,38.8,39.57,n/a,38.33,-0.48,2026-02-06,2026-02-10,2,weekly,2026-02-05,,,,,,,,,,1.3966,,,38.3822,-0.6886,-0.7758,-1.0,,,,,,,,,
UNG,Weekly Swing Trend Buy Setup 1,buy,81%,2026-02-05,Open,04/17/26,Weekly ATR5 x 0.55,2.3113,13.69,14.96,n/a,12.44,-1.25,2026-02-06,,open,weekly,2026-02-05,,,,,,,,gold,red,2.3113,,,,,,,,,,,,,,,
XLB,Weekly Swing Trend Buy Setup 1,buy,84%,2026-02-05,Target Hit,04/17/26,Weekly ATR5 x 0.55,1.5367,50.86,51.71,n/a,53.31,2.45,2026-02-06,2026-02-09,1,weekly,2026-02-05,,,,,,,,gold,gold,1.5367,,,,,,,,,,,,,,,
VNQ,Weekly Swing Trend Buy Setup 2,buy,90%,2026-02-05,Target Hit,04/17/26,Weekly ATR5 x 0.55,2.2756,91.53,92.78,n/a,94.59,3.06,2026-02-06,2026-02-10,2,weekly,2026-02-05,,,,,,,,,,2.2756,,,90.1715,,,,89.8261,89.5813,,,,,,,
QQQ,Weekly Turbo Hook Buy,buy,86%,2026-02-05,Target Hit,04/17/26,Weekly ATR5 x 0.55,17.4921,600.19,609.81,n/a,601.92,1.73,2026-02-06,2026-02-06,0,weekly,2026-02-05,,,,,,,,,,17.4921,99.5411,87.2123,578.9763,,,,,,,,,,,,
SPY,Weekly Turbo Hook Buy,buy,92%,2026-02-05,Target Hit,04/17/26,Weekly ATR5 x 0.55,13.3385,681.46,688.8,n/a,681.75,0.29,2026-02-06,2026-02-06,0,weekly,2026-02-05,,,,,,,,,,13.3385,65.9938,97.4306,646.3835,,,,,,,,,,,,
XLK,Weekly Turbo Hook Buy,buy,89%,2026-02-05,Target Hit,04/17/26,Weekly ATR5 x 0.55,5.1443,138.01,140.84,n/a,139.56,1.55,2026-02-06,2026-02-06,0,weekly,2026-02-05,,,,,,,,,,5.1443,38.7612,35.8981,134.093,,,,,,,,,,,,
FXI,Weekly Swing Trend Buy Setup 1,buy,68%,2026-02-06,Open,04/17/26,Weekly ATR5 x 0.55,1.4243,39.16,39.94,n/a,38.33,-0.83,2026-02-09,,open,weekly,2026-02-06,,,,,,,,gold,gold,1.4243,,,,,,,,,,,,,,,
QQQ,Weekly Swing Trend Buy Setup 1,buy,85%,2026-02-06,Open,04/17/26,Weekly ATR5 x 0.55,21.0377,607.54,619.11,n/a,601.92,-5.62,2026-02-09,,open,weekly,2026-02-06,,,,,,,,gold,gold,21.0377,,,,,,,,,,,,,,,
XLV,Weekly Turbo Hook Buy,buy,82%,2026-02-06,Open,04/17/26,Weekly ATR5 x 0.55,4.5057,157.57,160.05,n/a,157.67,0.1,2026-02-09,,open,weekly,2026-02-06,,,,,,,,,,4.5057,32.0767,64.0536,142.8553,,,,,,,,,,,,
XRT,Weekly Turbo Hook Buy,buy,78%,2026-02-06,Open,04/17/26,Weekly ATR5 x 0.55,3.5623,89.5,91.46,n/a,87.84,-1.66,2026-02-09,,open,weekly,2026-02-06,,,,,,,,,,3.5623,7.8185,62.245,82.73,,,,,,,,,,,,
XLF,Donchian Hook Buy,buy,87%,2026-02-09,Open,04/17/26,ATR5 x 1.0,0.7677,53.7,54.47,n/a,51.65,-2.05,2026-02-10,,open,daily,2026-02-09,53.575,53.5525,54.5238,0.7677,,,,,,,,,,,,,,,,,,,,,
VWO,Donchian T-Lines Buy,buy,81%,2026-02-09,Open,04/17/26,ATR5 x 1.0,0.8318,58.02,58.85,n/a,57.75,-0.27,2026-02-10,,open,daily,2026-02-09,56.96,,55.4115,0.8318,,,,,,,,,,,,,,,57.2407,57.1768,,,,,
XHB,Donchian T-Lines Buy,buy,90%,2026-02-09,Target Hit,04/17/26,ATR5 x 1.0,2.6935,118.06,120.75,n/a,121.36,3.3,2026-02-10,2026-02-11,1,daily,2026-02-09,112.735,,109.461,2.6935,,,,,,,,,,,,,,,112.9953,112.6049,,,,,
XLB,Weekly Swing Trend Buy Setup 1,buy,84%,2026-02-09,Target Hit,04/17/26,Weekly ATR5 x 0.55,1.7934,52.15,53.14,n/a,53.31,1.16,2026-02-10,2026-02-11,1,weekly,2026-02-09,,,,,,,,gold,gold,1.7934,,,,,,,,,,,,,,,
TLT,Donchian Hook Buy,buy,93%,2026-02-10,Target Hit,04/17/26,ATR5 x 1.0,0.6354,88.04,88.68,n/a,89.72,1.68,2026-02-11,2026-02-12,1,daily,2026-02-10,87.4792,87.4592,87.592,0.6354,,,,,,,,,,,,,,,,,,,,,
SPY,Donchian T-Lines Buy,buy,90%,2026-02-10,Open,04/17/26,ATR5 x 1.0,41.1323,696.39,737.52,n/a,681.75,-14.64,2026-02-11,,open,daily,2026-02-10,383.4225,,687.8852,41.1323,,,,,,,,,,,,,,,690.3391,690.2693,,,,,
TLT,Donchian T-Lines Buy,buy,87%,2026-02-10,Target Hit,04/17/26,ATR5 x 1.0,0.6354,88.04,88.68,n/a,89.72,1.68,2026-02-11,2026-02-12,1,daily,2026-02-10,87.4792,,87.592,0.6354,,,,,,,,,,,,,,,87.3021,87.2804,,,,,
UNG,Donchian T-Lines Sell,sell,82%,2026-02-10,Open,04/17/26,ATR5 x 1.0,1.0072,12.06,11.05,n/a,12.44,-0.38,2026-02-11,,open,daily,2026-02-10,14.5425,,12.5995,1.0072,,,,,,,,,,,,,,,14.1663,14.4043,,,,,
XOP,ETF Squeeze Sell,sell,83%,2026-02-10,Target Hit,04/17/26,ATR5 x 1.0,3.539,147.81,144.27,n/a,147.89,-0.08,2026-02-11,2026-02-12,1,daily,2026-02-10,,,,3.539,8.7799,8.8196,147.0788,,,,,,,,,,,,,,,,,,
FXI,Weekly Swing Trend Buy Setup 1,buy,68%,2026-02-10,Open,04/17/26,Weekly ATR5 x 0.55,1.4243,39.3,40.08,n/a,38.33,-0.97,2026-02-11,,open,weekly,2026-02-10,,,,,,,,gold,gold,1.4243,,,,,,,,,,,,,,,
QQQ,Weekly Swing Trend Buy Setup 1,buy,85%,2026-02-10,Open,04/17/26,Weekly ATR5 x 0.55,21.0377,616.38,627.95,n/a,601.92,-14.46,2026-02-11,,open,weekly,2026-02-10,,,,,,,,gold,gold,21.0377,,,,,,,,,,,,,,,
XLV,Weekly Turbo Hook Buy,buy,82%,2026-02-10,Target Hit,04/17/26,Weekly ATR5 x 0.55,4.5057,155.18,157.66,n/a,157.67,2.49,2026-02-11,2026-02-13,2,weekly,2026-02-10,,,,,,,,,,4.5057,32.0767,64.0536,142.8553,,,,,,,,,,,,
XRT,Weekly Turbo Hook Buy,buy,78%,2026-02-10,Open,04/17/26,Weekly ATR5 x 0.55,3.5623,87.91,89.87,n/a,87.84,-0.07,2026-02-11,,open,weekly,2026-02-10,,,,,,,,,,3.5623,7.8185,62.245,82.73,,,,,,,,,,,,
SPY,Squeeze Play Sector Buy,buy,96%,2026-02-11,Open,04/17/26,ATR5 x 1.0,34.4978,694.24,728.74,n/a,681.75,-12.49,2026-02-12,,open,daily,2026-02-11,,,,34.4978,,,,,,,,,,,,,,,691.0186,690.4358,2.5832,166.8497,,,
XLB,Weekly Swing Trend Buy Setup 1,buy,84%,2026-02-11,Open,04/17/26,Weekly ATR5 x 0.55,1.7934,53.67,54.66,n/a,53.31,-0.36,2026-02-12,,open,weekly,2026-02-11,,,,,,,,gold,gold,1.7934,,,,,,,,,,,,,,,
TLT,Donchian Hook Buy,buy,93%,2026-02-12,Open,04/17/26,ATR5 x 1.0,0.7458,89.63,90.38,n/a,89.72,0.09,2026-02-13,,open,daily,2026-02-12,87.8542,87.4792,87.6558,0.7458,,,,,,,,,,,,,,,,,,,,,
XLF,Donchian T-Lines Sell,sell,80%,2026-02-12,Open,04/17/26,ATR5 x 1.0,1.0734,51.55,50.47,n/a,51.65,-0.1,2026-02-13,,open,daily,2026-02-12,52.91,,54.353,1.0734,,,,,,,,,,,,,,,53.1159,53.2572,,,,,
DIA,ETF Squeeze Sell,sell,82%,2026-02-12,Open,04/17/26,ATR5 x 1.0,6.9965,495.04,488.04,n/a,495.28,-0.24,2026-02-13,,open,daily,2026-02-12,,,,6.9965,4.49,5.1153,502.3995,,,,,,,,,,,,,,,,,,
EEM,ETF Squeeze Sell,sell,83%,2026-02-12,Open,04/17/26,ATR5 x 1.0,0.9934,60.72,59.73,n/a,61.12,-0.4,2026-02-13,,open,daily,2026-02-12,,,,0.9934,1.16,1.1656,61.8313,,,,,,,,,,,,,,,,,,
VWO,ETF Squeeze Sell,sell,90%,2026-02-12,Open,04/17/26,ATR5 x 1.0,0.7639,57.46,56.7,n/a,57.75,-0.29,2026-02-13,,open,daily,2026-02-12,,,,0.7639,0.7063,0.7213,58.5748,,,,,,,,,,,,,,,,,,
XLE,ETF Squeeze Sell,sell,81%,2026-02-12,Open,04/17/26,ATR5 x 1.0,1.2003,53.94,52.74,n/a,54.35,-0.41,2026-02-13,,open,daily,2026-02-12,,,,1.2003,3.6385,3.6534,55.1645,,,,,,,,,,,,,,,,,,
XLI,ETF Squeeze Sell,sell,88%,2026-02-12,Open,04/17/26,ATR5 x 1.0,3.0403,173.1,170.06,n/a,174.17,-1.07,2026-02-13,,open,daily,2026-02-12,,,,3.0403,4.8999,5.047,175.3236,,,,,,,,,,,,,,,,,,
XOP,ETF Squeeze Sell,sell,83%,2026-02-12,Open,04/17/26,ATR5 x 1.0,4.2013,144.28,140.08,n/a,147.89,-3.61,2026-02-13,,open,daily,2026-02-12,,,,4.2013,9.0552,9.3346,149.4438,,,,,,,,,,,,,,,,,,
FXI,Weekly Swing Trend Buy Setup 1,buy,68%,2026-02-12,Open,04/17/26,Weekly ATR5 x 0.55,1.4243,38.14,38.92,n/a,38.33,0.19,2026-02-13,,open,weekly,2026-02-12,,,,,,,,gold,gold,1.4243,,,,,,,,,,,,,,,
QQQ,Weekly Swing Trend Buy Setup 1,buy,85%,2026-02-12,Open,04/17/26,Weekly ATR5 x 0.55,21.0377,600.43,612.0,n/a,601.92,1.49,2026-02-13,,open,weekly,2026-02-12,,,,,,,,gold,gold,21.0377,,,,,,,,,,,,,,,
XLV,Weekly Turbo Hook Buy,buy,82%,2026-02-12,Open,04/17/26,Weekly ATR5 x 0.55,4.5057,156.52,159.0,n/a,157.67,1.15,2026-02-13,,open,weekly,2026-02-12,,,,,,,,,,4.5057,32.0767,64.0536,142.8553,,,,,,,,,,,,
XRT,Weekly Turbo Hook Buy,buy,78%,2026-02-12,Open,04/17/26,Weekly ATR5 x 0.55,3.5623,87.24,89.2,n/a,87.84,0.6,2026-02-13,,open,weekly,2026-02-12,,,,,,,,,,3.5623,7.8185,62.245,82.73,,,,,,,,,,,,
XLV,Donchian Hook Buy,buy,89%,2026-02-13,n/a,04/17/26,ATR5 x 1.0,2.2766,n/a,n/a,n/a,157.67,,n/a,,n/a,daily,2026-02-13,156.045,155.8078,156.1318,2.2766,,,,,,,,,,,,,,,,,,,,,
TLT,Weekly 10.5 Squeeze Buy,buy,83%,2026-02-13,n/a,04/17/26,Weekly ATR5 x 0.55,1.5937,n/a,n/a,n/a,89.72,,n/a,,n/a,weekly,2026-02-13,,,,,,,,,,1.5937,,,87.8925,-1.7294,-1.9551,-1.0,,,,,,,,,
XLB,Weekly Swing Trend Buy Setup 1,buy,84%,2026-02-13,n/a,04/17/26,Weekly ATR5 x 0.55,2.0097,n/a,n/a,n/a,53.31,,n/a,,n/a,weekly,2026-02-13,,,,,,,,gold,gold,2.0097,,,,,,,,,,,,,,,
SPY,Weekly Turbo Hook Buy,buy,92%,2026-02-13,n/a,04/17/26,Weekly ATR5 x 0.55,112.9334,n/a,n/a,n/a,681.75,,n/a,,n/a,weekly,2026-02-13,,,,,,,,,,112.9334,35.6417,41.2979,652.4152,,,,,,,,,,,,
